A-TB1-4|PP-42
A-TB1-5|NN-42
A-TB1-6|MM-42
A-TB1-7|LL-PS1-3 (+)
A-TB1-8|AA-TA1-6
A-TB1-16|PP-44
A-TB1-17|NN-44
A-TB1-18|MM-44
A-TB1-19|LL-PS1-2 (-)
A-TB1-20|AA-TA1-2
AA-TB-4|HH-TB-2
AA-TB-5|HH-TB-1
AA-TB-6|HH-TB-5
AA-TB-7|HH-TB-4
AA-TA1-1|AB-TB1-7
AA-TA1-2|AA-TB1-11
AA-TA1-5|AB-TB1-8
AA-TA1-6|AA-TB1-12
AA-TB1-5|H-TB-1
AA-TB1-6|H-TB-2
AB-TB1-5|H-TB-3
AB-TB1-6|H-TB-4
JJ-343-1A|H-TB-5
JJ-343-2A|F-TSN2-1
JJ-343-3A|F-TSN4-1
JJ-343-4A|G-TSN2-1
JJ-343-5A|G-TSN4-1
JJ-343-6A|FF-TSN2-1
JJ-343-7A|FF-TSN4-1
JJ-343-1H|H-TB-6
JJ-343-2H|F-TSN2-C
JJ-343-3H|F-TSN4-C
JJ-343-4H|G-TSN2-C
JJ-343-5H|G-TSN4-C
JJ-343-6H|FF-TSN2-C
JJ-343-7H|FF-TSN4-C
JJ-343-1D|F-TSN1-1
JJ-343-2D|F-TSN3-1
JJ-343-3D|G-TSN1-1
JJ-343-4D|G-TSN3-1
JJ-343-5D|FF-TSN1-1
JJ-343-6D|FF-TSN3-1
JJ-343-1E|F-TSN1-C
JJ-343-2E|F-TSN3-C
JJ-343-3E|G-TSN1-C
JJ-343-4E|G-TSN3-C
JJ-343-5E|FF-TSN1-C
JJ-343-6E|FF-TSN3-C
