16-M-TSN1 [3A4A]|16-M-TSN1 [5B6B]
16-M-TSN1 [5C7C]|16-M-TSN2 [3A4A]
16-M-TSN2 [5B6B]|16-M-TSN2 [5C7C]
16-M-TSN3 [3A4A]|16-M-TSN3 [5B6B]
16-M-TSN3 [5C7C]|16-M-TSN4 [3A4A]
16-M-TSN4 [5B6B]|16-M-TSN4 [5C7C]
16-N-TSN1 [3A4A]|16-N-TSN1 [5B6B]
16-N-TSN1 [5C7C]|16-N-TSN2 [3A4A]
16-N-TSN2 [5B6B]|16-N-TSN2 [5C7C]
16-N-TSN3 [3A4A]|16-N-TSN3 [5B6B]
16-N-TSN3 [5C7C]|16-N-TSN4 [3A4A]
16-N-TSN4 [5B6B]|16-N-TSN4 [5B6B]
16-MM-TSN1 [3A4A]|16-MM-TSN1 [3A4A]
16-MM-TSN2 [3A4A]|16-MM-TSN3 [3A4A]
16-NN-TSN1 [3A]|16-NN-TSN2 [3A4A]
16-NN-TSN3 [3A4A]|16-NN-TSN3 [7B8B]
16-N-TSN4 [2C7C]|16-N-TSN4 [2C7C]
