A-TB1-1|A-TB1-3
A-TB1-2|A-TB1-15
A-TB1-4|AA-TA-4
A-TB1-5|GG-42
A-TB1-7|JJ-42
A-TB1-9|KK-42
A-TB1-10|HH-PS1-3
L-TB-1|AA-TB1-5
L-TB-2|AA-TB1-6
L-TB-3|AB-TB1-5
L-TB-4|AB-TB1-6
M-TB-1|AA-TB-5
M-TB-2|AA-TB-4
M-TB-4|AA-TB-7
M-TB-5|AA-TB-6
BT-TA1-4|EA-TB1-12
BT-TA1-2|EA-TB1-11
AB-TB1-7|AA-BT-TA1-1
A-TB1-16|AA-BT-TA1-2
AB-TB1-8|AA-BT-TA1-3
A-TB1-4|AA-BT-TA1-4
EE-343-1A|L-TB-5
EE-343-2A|B-TSN2-1
EE-343-3A|B-TSN4-1
EE-343-4A|C-TSN2-1
EE-343-5A|C-TSN4-1
EE-343-6A|BB-TSN2-1
EE-343-7A|BB-TSN4-1
EE-343-1H|L-TB-6
EE-343-2H|B-TSN2-C
EE-343-3H|B-TSN4-C
EE-343-4H|C-TSN2-C
EE-343-5H|C-TSN4-C
EE-343-6H|BB-TSN2-C
EE-343-7H|BB-TSN4-C
EE-343-1D|B-TSN1-1
EE-343-2D|B-TSN3-1
EE-343-3D|C-TSN1-1
EE-343-4D|C-TSN3-1
EE-343-5D|BB-TSN1-1
EE-343-6D|BB-TSN3-1
EE-343-1E|B-TSN1-C
EE-343-2E|B-TSN3-C
EE-343-3E|C-TSN1-C
EE-343-4E|C-TSN3-C
EE-343-5E|BB-TSN1-C
EE-343-6E|BB-TSN3-C
