E-TB1-1|E-TB1-3
E-TB1-2|E-TB1-16
E-TB1-4|DD-L-(+)
E-TB1-5|LL-42-(L1+)
E-TB1-6|K-TA-3
E-TB1-7|B-DC-IN (+)
E-TB1-17|DD-N-(-)
E-TB1-18|LL-44-(L2-)
E-TB1-19|K-TA-1
E-TB1-20|B-DC-IN (-)
E-TB1-16|JJ-PS1-2 (-)
E-TB1-3|JJ-PS1-3 (+)
F-TB1-5|M-TB-3
F-TB1-6|M-TB-4
F-TB1-7|K-TA-2
F-TB1-8|K-TA-4
K-TB-4|MM-TB-2
K-TB-5|MM-TB-1
K-TB-6|MM-TB-5
K-TB-7|MM-TB-4
K-TA-1|EE-TB1-11
E-TB1-19|EE-TB1-11
EE-TB1-12|K-TA-3
EE-TB1-12|E-TB1-6
M-TB-1|G-TB2-3-5
M-TB-2|G-TB2-3-6
M-TB-3|G-TB2-R1-5
M-TB-4|G-TB2-R1-9
KK-343-1A|N-TSN1-1
KK-343-1H|N-TSN1-C
KK-343-10D|M-TB-5
KK-343-10E|M-TB-6
