A-TB1-1|A-TB1-3
A-TB1-2|A-TB1-15
A-TB1-4|AA-TA-6
A-TB1-6|CC-42
A-TB1-8|HH-42
A-TB1-9|JJ-PS1-3
A-TB1-11|FF-42
A-TB1-15|EE-5(-)
A-TB1-3|EE-6(+)
A-TB1-16|AA-TA-2
A-TB1-18|CC-44
A-TB1-20|HH-44
A-TB1-21|JJ-PS1-2
A-TB1-23|FF-44
AA-TB1-11|AA-TA-2
AA-TB1-11|A-TB1-16
AA-TB1-12|AA-TA-4
AA-TB1-12|A-TB1-4
AA-TB-4|PP-TB-2
AA-TB-5|PP-TB-1
AA-TB-6|PP-TB-5
AA-TB-7|PP-TB-4
AA-TA-1|AB-TB1-7
AA-TA-3|AB-TB1-8
AA-TB1-5|SS-TB-5
AA-TB1-6|SS-TB-6
AB-TB1-5|SS-TB-3
AB-TB1-6|SS-TB-4
CC-A-32|FF-D-32
LL-343-1A|SS-TB1-5
LL-343-2A|S-TSN2-1
LL-343-3A|S-TSN4-1
LL-343-4A|S-TSN3-3
LL-343-1H|SS-TB1-6
LL-343-2H|S-TSN2-C
LL-343-3H|S-TSN4-C
LL-343-4H|S-TSN3-A
LL-343-1D|S-TSN1-1
LL-343-2D|S-TSN3-1
LL-343-3D|S-TSN2-3
LL-343-1E|S-TSN1-C
LL-343-2E|S-TSN3-C
LL-343-3E|S-TSN2-A
