M-TB-4|SS-TB-2
M-TB-5|SS-TB-1
M-TB-6|SS-TB-5
M-TB-7|SS-TB-4
P-TB1-8|FAN-N-2
P-TB1-8|FAN-N-1
P-TB1-7|TSTAT-1
P-TB2-5|LL-PS1-3 (+)
P-TB2-6|RR-42-(L1+)
P-TB2-7|TT-42-(L1+)
P-TB2-8|M-TA-3
P-TB2-9|Q-TB1-8
P-TB2-10|P-TB4-PS-3 (+)
P-TB2-12|LL-PS1-2 (-)
P-TB2-13|RR-44-(L2-)
P-TB2-14|TT-44-(L2-)
P-TB2-15|M-TA-2
P-TB2-16|Q-TB1-7
P-TB2-17|P-TB4-PS-2 (-)
S-TB-1|P-TB3-1
S-TB-2|P-TB3-4
P-TB3-5|TSTAT-2
P-TB3-5|FAN-L-1
P-TB3-5|FAN-L-2
TB4-PS-1 OUT|P-TB4-3
TB4-PS-2 OUT|P-TB4-6
P-TB4-6|P-TB4-R1-13
P-TB4-7|P-TB4-R2-13
P-TB4-R1-9|S-TB-46
P-TB4-R2-9|S-TB-48
P-TB4-R1-5|S-TB-45
P-TB4-R2-5|S-TB-47
Q-TB1-5|S-TB-3
Q-TB1-6|S-TB-4
MM-343-8A|PP-TSN3-1
MM-343-9A|PP-TSN2-1
MM-343-10A|PP-TSN1-1
MM-343-8H|PP-TSN3-C
MM-343-9H|PP-TSN2-C
MM-343-10H|PP-TSN1-C
MM-343-10D|S-TB-5
MM-343-10E|S-TB-6
