G-TB1-3|KK-PS1-3 (+)
G-TB1-4|FF-L-(+)
G-TB1-5|EE-42-(L1+)
G-TB1-6|MM-42-(L1+)
G-TB1-8|CC-TA-4
G-TB1-16|KK-PS1-2 (-)
G-TB1-17|FF-N-(-)
G-TB1-18|EE-44-(L2-)
G-TB1-19|MM-44-(L2-)
G-TB1-20|MM-C-1
G-TB1-22|CC-TA-2
N-TB-1|CC-TB-5
N-TB-2|CC-TB-4
N-TB-4|CC-TB-7
N-TB-5|CC-TB-6
CC-TB1-5|FF-TB-1
CC-TB1-6|FF-TB-2
CC-TB1-11|CC-TA-2
CC-TB1-12|CC-TA-6
CC-TA-1|DD-TB1-7
CC-TA-3|DD-TB1-8
F-TB-1|DD-TB1-5
F-TB-2|DD-TB1-6
 LL-343-1A|N-TB1-3
 LL-343-1H|N-TB1-4
 LL-343-1D|NN-TSN1-1
 LL-343-1E|NN-TSN1-C
 LL-343-2A|NN-TSN2-1
 LL-343-2H|NN-TSN2-C
 LL-343-2D|NN-TSN3-1
 LL-343-2E|NN-TSN3-C
 LL-343-3A|NN-TSN4-1
 LL-343-3H|NN-TSN4-C
 LL-343-3D|GG-TSN1-1
 LL-343-3E|GG-TSN1-C
 LL-343-4A|GG-TSN2-1
 LL-343-4H|GG-TSN2-C
 LL-343-4D|GG-TSN3-1
 LL-343-4E|GG-TSN3-C
 LL-343-5A|GG-TSN4-1
 LL-343-5H|GG-TSN4-C
