N-TB [1-8]|MM-A [3-12]
N-TB [9-16]|MM-A [10-23]
N-TB [17-24]|MM-A [24-32]
F-TB [1-8]|EE-A [1-8]
F-TB [9-16]|EE-A [9-16]
F-TB [17-24]|EE-A [17-24]
F-TB [25-32]|EE-A [25-32]
F-TB [33-40]|EE-B [1-8]
F-TB [41-48]|EE-B [9-16]
F-TB [49-56]|EE-B [17-24]
F-TB [57-64]|EE-B [25-32]
F-TB [65-72]|EE-C [1-8]
FF-TB [1-8]|EE-C [9-16]
FF-TB [9-16]|EE-C [17-24]
FF-TB [17-24]|EE-C [25-32]
FF-TB [25-32]|EE-D [1-8]
FF-TB [33-40]|EE-D [9-16]
FF-TB [41-48]|EE-D [17-24]
FF-TB [49-56]|EE-D [25-32]
AA-TB1 []|MM-B [1-8]
AB-TB1 [1-4]|MM-B [1-8]
NN-TSN1 [3A4A]|NN-TSN1 [5B6B]
NN-TSN1 [5C7C]|NN-TSN2 [3A4A]
NN-TSN2 [5B6B]|NN-TSN2 [5C7C]
NN-TSN3 [3A4A]|NN-TSN3 [5B6B]
NN-TSN3 [5C7C]|NN-TSN4 [3A4A]
NN-TSN4 [5B6B]|NN-TSN4 [5C7C]
GG-TSN1 [3A4A]|GG-TSN1 [5B6B]
GG-TSN1 [5C7C]|GG-TSN2 [3A4A]
GG-TSN2 [5B6B]|GG-TSN2 [5C7C]
GG-TSN3 [3A4A]|GG-TSN3 [5B6B]
GG-TSN3 [5C7C]|GG-TSN3 [3A4A]
MM-B [9-16]|MM-B [9-16]
MM-B [17-24]|MM-B [17-24]
MM-B [25-32]|MM-B [25-32]
MM-C [1-8]|MM-C [1-8]
MM-C [9-16]|MM-C [9-16]
MM-C [17-24]|MM-C [17-24]
MM-C [25-32]|MM-C [25-32]
MM-D [1-8]|MM-D [1-8]
MM-D [9-16]|MM-D [9-16]
MM-D [17-24]|MM-D [17-24]
MM-D [25-32]|MM-D [25-32]
