M-TB-4|SS-TB-2
M-TB-5|SS-TB-1
M-TB-6|SS-TB-5
M-TB-7|SS-TB-4
P-TB2-5|L-PS-(+)
P-TB2-6|RR-42-(L1+)
P-TB2-7|M-TA-3
P-TB2-8|P-TB2-X1(+)
P-TB2-9|KK-POWER-(+)
P-TB2-12|L-PS-(-)
P-TB2-13|RR-44-(L2-)
P-TB2-14|M-TA-2
P-TB2-15|RR-C-5
P-TB2-16|KK-POWER-(-)
P-TB3-2-X1|P-TB3-R1-14
P-TB3-R1-5|S-TB-5
P-TB3-R1-13|P-TB3-2-X2(-)
P-TB3-R1-9|S-TB-6
P-TB3-3|S-TB-1
P-TB3-6|S-TB-2
P-TB3-1-X2(-)|RR-D-6
P-TB3-2-X2(-)|RR-D-8
MM-343-1A|PP-TSN1-1
MM-343-1H|PP-TSN1-C
MM-343-1D|S-TB-3
MM-343-1E|S-TB-4
